Workbook

Sheet Sales_Data
A1: Employee ID | B1: Employee Name | C1: Region | D1: Product ID | E1: Units Sold | F1: Sales Amount | H1: Total Sales | I1: Compare | J1: Units Sold | K1: Total Sales | L1: Data validation
A2: E101 | B2: Rahul Mehta | C2: North | D2: P001 | E2: 15 | F2: 45000 | H2: =J2*F2 -> 1000000 | I2: =HLOOKUP(C2,'Monthly Target'!A1:E2,2,FALSE) -> 150000 | J2: 22.222222 | K2: =J2*F2 -> 1000000 | L2: West
A3: E102 | B3: Priya Sharma | C3: South | D3: P002 | E3: 20 | F3: 60000 | H3: =J3*F3 -> 1333333.3 | I3: =HLOOKUP(C3,'Monthly Target'!A1:E2,2,FALSE) -> 140000 | J3: 22.222222 | K3: =J3*F3 -> 1333333.3
A4: E103 | B4: Aman Verma | C4: East | D4: P003 | E4: 10 | F4: 35000 | H4: =J4*F4 -> 777777.78 | I4: =HLOOKUP(C4,'Monthly Target'!A1:E2,2,FALSE) -> 120000 | J4: 22.222222 | K4: =J4*F4 -> 777777.78
A5: E104 | B5: Sneha Patel | C5: West | D5: P004 | E5: 25 | F5: 125000 | H5: =J5*F5 -> 2777777.8 | I5: =HLOOKUP(C5,'Monthly Target'!A1:E2,2,FALSE) -> 160000 | J5: 22.222222 | K5: =J5*F5 -> 2777777.8
A6: E105 | B6: Rohan Gupta | C6: North | D6: P005 | E6: 12 | F6: 48000 | H6: =J6*F6 -> 1066666.7 | I6: =HLOOKUP(C2,'Monthly Target'!A1:E2,2,FALSE) -> 150000 | J6: 22.222222 | K6: =J6*F6 -> 1066666.7
A7: E106 | B7: Meena Iyer | C7: East | D7: P002 | E7: 18 | F7: 54000 | H7: =J7*F7 -> 1200000 | I7: =HLOOKUP(C7,'Monthly Target'!A1:E2,2,FALSE) -> 120000 | J7: 22.222222 | K7: =J7*F7 -> 1200000
A8: E107 | B8: Deepak Rao | C8: South | D8: P003 | E8: 22 | F8: 77000 | H8: =J8*F8 -> 1711111.1 | I8: =HLOOKUP(C8,'Monthly Target'!A1:E2,2,FALSE) -> 140000 | J8: 22.222222 | K8: =J8*F8 -> 1711111.1
A9: E108 | B9: Kavita Das | C9: West | D9: P001 | E9: 30 | F9: 90000 | H9: =J9*F9 -> 2000000 | I9: =HLOOKUP(C9,'Monthly Target'!A1:E2,2,FALSE) -> 160000 | J9: 22.222222 | K9: =J9*F9 -> 2000000
A10: E109 | B10: Ajay Nair | C10: North | D10: P004 | E10: 14 | F10: 70000 | H10: =J10*F10 -> 1555555.6 | I10: =HLOOKUP(C10,'Monthly Target'!A1:E2,2,FALSE) -> 150000 | J10: 22.222222 | K10: =J10*F10 -> 1555555.6
A11: E110 | B11: Neha Kulkarni | C11: East | D11: P005 | E11: 8 | F11: 32000 | H11: =J11*F11 -> 711111.11 | I11: =HLOOKUP(C11,'Monthly Target'!A1:E2,2,FALSE) -> 120000 | J11: 22.222222 | K11: =J11*F11 -> 711111.11
G12: Total Revenue= | H12: =SUM(H2:H11) -> 14133333 | K12: =SUM(K2:K11) -> 14133333

Sheet Product_Master
A1: Product ID | B1: Product Name | C1: Category | D1: Price per Unit
A2: P001 | B2: Laptop | C2: Electronics | D2: 3000
A3: P002 | B3: Smartphone | C3: Electronics | D3: 3000
A4: P003 | B4: Headphones | C4: Accessories | D4: 3500
A5: P004 | B5: Printer | C5: Office Supplies | D5: 5000
A6: P005 | B6: Monitor | C6: Electronics | D6: 4000
C8: #N/A

Sheet Product
A1: Product Name | B1: Price per Unit
A2: =VLOOKUP(Product_Master!A2,Product_Master!A1:D6,2,FALSE) -> Laptop | B2: =VLOOKUP(Product_Master!A2,Product_Master!A1:D6,4,FALSE) -> 3000
A3: =VLOOKUP(Product_Master!A3,Product_Master!A2:D7,2,FALSE) -> Smartphone | B3: =VLOOKUP(Product_Master!A3,Product_Master!A2:D7,4,FALSE) -> 3000
A4: =VLOOKUP(Product_Master!A4,Product_Master!A3:D8,2,FALSE) -> Headphones | B4: =VLOOKUP(Product_Master!A4,Product_Master!A3:D8,4,FALSE) -> 3500
A5: =VLOOKUP(Product_Master!A5,Product_Master!A4:D9,2,FALSE) -> Printer | B5: =VLOOKUP(Product_Master!A5,Product_Master!A4:D9,4,FALSE) -> 5000
A6: =VLOOKUP(Product_Master!A6,Product_Master!A5:D10,2,FALSE) -> Monitor | B6: =VLOOKUP(Product_Master!A6,Product_Master!A5:D10,4,FALSE) -> 4000

Sheet Monthly Target
A1: Region | B1: North | C1: South | D1: East | E1: West
A2: Target Sales | B2: 150000 | C2: 140000 | D2: 120000 | E2: 160000
